<?xml version="1.0" encoding="UTF-8"?><?xml-stylesheet type="text/css" href="idempiereDocument.css"?><idempiereDocument>
    <header>ChartMaker Package Description</header>
    <H1>Package Name:</H1>
    <packagename>ChartMaker</packagename>
    <H1>Author:</H1>
    <Name:/>
    <H1>Email Address:</H1>
    <Email>red1org@gmail.com</Email>
    <H1>Created:</H1>
    <Date>2016-04-27 11:23:54.183</Date>
    <H1>Updated:</H1>
    <Date>2016-05-06 07:12:40.828</Date>
    <H1>Description:</H1>
    <description>http://red1.org/adempiere/viewtopic.php?f=45&amp;t=1826</description>
    <H1>Instructions:</H1>
    <instructions/>
    <H1>Files in Package:</H1>
    <file>File: PackOut.xml</file>
    <filedirectory>Directory: \dict\</filedirectory>
    <filenotes>Notes: Contains all application/object settings for package</filenotes>
    <H1>Client:</H1>
    <Client>0-SYSTEM-System</Client>
</idempiereDocument>
